"","고객ID","성별","연령","서비스기간","단선횟수","주간통화횟수","주간통화시간_분","야간통화횟수","야간통화시간_분","주말통화횟수","주말통화시간_분","국제통화시간_분","국내통화횟수","국내통화시간_분","총통화시간_분","통화량구분","총통화요금","부과요금","통화품질불만","이탈여부"
"1","C212430","여",18,28.5,6,10,18,9,40.5,4,8.4,15.211416,23,66.9,82.111416,"저",6.084566,66.024566,FALSE,"이탈"
"2","C214770","여",28,35.333333,4,66,99.600001,66,157.8,22,45.600001,93.169795,154,303.000002,396.169797,"중저",37.267918,97.207918,FALSE,"이탈"
"3","C214830","남",18,16.633333,0,118,193.2,132,273.300001,16,31,23.057775,266,497.500001,520.557776,"중저",9.22311,69.16311,FALSE,"이탈"
"4","C214850","여",36,39.666667,2,59,90.6,0,0,11,103.2,44.134254,70,193.8,237.934254,"중저",17.653702,77.593702,FALSE,"이탈"
"5","C215450","여",35,52.466667,1,529,1509.600001,259,608.1,6,13,512.815473,794,2130.700001,2643.515474,"고",233.349669,383.349669,FALSE,"유지"
"6","C215510","여",51,40.6,8,1052,1975.8,71,534.3,49,86.4,632.480521,1172,2596.5,3228.980521,"고",312.702311,462.702311,FALSE,"유지"
"7","C215710","여",59,26.9,1,631,1047.599999,437,849.599999,54,101.400001,308.704925,1122,1998.599999,2307.304924,"고",153.471462,303.471462,FALSE,"유지"
"8","C216400","여",31,24.066667,1,995,1927.8,265,410.699999,7,46.2,270.354816,1267,2384.699999,2655.054815,"고",188.22723,338.22723,FALSE,"유지"
"9","C217870","남",35,46.433333,1,615,1169.4,74,177.900001,3,42,406.965218,692,1389.300001,1796.265219,"중고",139.521434,289.521434,FALSE,"유지"
"10","C218000","여",37,45.533333,1,819,1368,411,705.899999,4,24,425.563757,1234,2097.899999,2523.463756,"고",201.839288,351.839288,FALSE,"유지"
"11","C218080","여",51,56.633333,1,753,1257.6,65,165.300001,5,40.499999,346.491435,823,1463.4,1809.891435,"중고",128.435315,278.435315,FALSE,"유지"
"12","C218120","남",32,39.8,2,845,1591.800001,230,408.300001,13,27.6,398.110622,1088,2027.700002,2425.810624,"고",193.306545,343.306545,FALSE,"유지"
"13","C218270","여",45,22.333333,2,903,1357.2,11,102,22,54,462.217093,936,1513.2,1975.417093,"중고",168.370695,318.370695,FALSE,"유지"
"14","C218390","남",35,28.1,2,969,1854,80,181.500001,2,33.6,457.95958,1051,2069.100001,2527.059581,"고",219.780369,369.780369,FALSE,"유지"
"15","C218430","남",37,37.1,7,544,1444.2,1,219.6,28,87.6,376.865397,573,1751.4,2128.265397,"중고",163.363771,313.363771,FALSE,"유지"
"16","C218460","여",46,18.8,8,1559,2442,348,872.7,32,108.6,441.401222,1939,3423.3,3864.701222,"고",322.88456,472.88456,FALSE,"유지"
"17","C218470","남",37,40.133333,7,520,1313.4,17,74.7,22,99.500002,451.386062,559,1487.600002,1938.986064,"중고",162.491901,312.491901,FALSE,"유지"
"18","C218530","남",26,17.233333,1,543,1372.800001,93,168.9,54,94.199999,333.212797,690,1635.9,1969.112797,"중고",140.048573,290.048573,FALSE,"유지"
"19","C218550","남",29,51.9,2,943,1564.799999,10,180.599999,15,69.500001,387.34891,968,1814.899999,2202.248909,"중고",173.457897,323.457897,FALSE,"유지"
"20","C218570","여",30,51.133333,2,456,1218,181,415.5,1,34.8,360.663422,638,1668.3,2028.963422,"중고",148.708956,298.708956,FALSE,"유지"
"21","C218610","여",30,26.733333,2,393,1051.2,211,395.4,1,4.8,329.880783,605,1451.4,1781.280783,"중고",120.638261,270.638261,FALSE,"유지"
"22","C218640","여",27,47.033333,8,610,1146,250,581.700001,28,64.8,565.511402,888,1792.500001,2358.011403,"중고",218.218588,368.218588,FALSE,"유지"
"23","C218700","여",27,54.666667,0,1186,1987.8,34,117.6,3,12.6,242.848718,1223,2118,2360.848718,"고",161.833001,311.833001,FALSE,"유지"
"24","C218790","여",65,55.833333,1,740,1425,9,43.199999,47,82.800001,485.744604,796,1551,2036.744604,"중고",179.397656,329.397656,FALSE,"유지"
"25","C218800","남",26,12.533333,1,432,1165.799999,38,101.400001,2,57,395.617622,472,1324.2,1719.817622,"중고",130.36245,280.36245,FALSE,"유지"
"26","C218810","남",31,32.533333,0,651,1755.599999,220,357.899999,32,57,275.056078,903,2170.499998,2445.556076,"고",170.29107,320.29107,FALSE,"유지"
"27","C218820","여",26,49.3,2,375,1013.400001,162,288.900001,5,33,272.26721,542,1335.300002,1607.567212,"중고",93.579329,243.579329,FALSE,"유지"
"28","C218860","여",29,27.6,2,425,1149.599999,141,381,11,138.599999,255.018478,577,1669.199998,1924.218476,"중고",116.122754,266.122754,FALSE,"유지"
"29","C218870","남",46,56.7,2,365,986.399999,167,275.7,6,10.8,280.747345,538,1272.899999,1553.647344,"중고",90.693799,240.693799,FALSE,"유지"
"30","C218940","여",28,47.6,8,457,1241.4,4,45.9,29,45,219.782759,490,1332.3,1552.082759,"중고",78.7135,228.7135,FALSE,"유지"
"31","C218970","남",31,34.5,9,678,1138.8,12,196.5,25,97.2,300.48299,715,1432.5,1732.98299,"중고",111.011468,261.011468,FALSE,"유지"
"32","C219020","남",28,35.266667,1,528,887.399999,150,523.5,1,55.8,248.541548,679,1466.699999,1715.241547,"중고",95.965562,245.965562,FALSE,"유지"
"33","C219040","남",66,37.5,1,616,1188.600001,169,286.500002,45,87,238.875873,830,1562.100003,1800.975876,"중고",103.543835,253.543835,FALSE,"유지"
"34","C219120","여",58,55.866667,6,365,914.400001,106,569.400001,1,14,315.929888,472,1497.800002,1813.72989,"중고",118.759243,268.759243,FALSE,"유지"
"35","C219130","여",31,21.8,9,791,1246.2,37,486.599999,57,98,258.41116,885,1830.799999,2089.211159,"중고",130.532186,280.532186,FALSE,"유지"
"36","C219140","남",30,52.966667,2,816,1576.8,198,467.4,34,66,636.413323,1048,2110.2,2746.613323,"고",270.440332,420.440332,FALSE,"유지"
"37","C219150","남",36,21.233333,3,329,900,96,353.699999,32,51,321.609128,457,1304.699999,1626.309127,"중고",105.328913,255.328913,FALSE,"유지"
"38","C219180","여",36,15.133333,1,490,917.399999,32,285,45,90,213.760128,567,1292.399999,1506.160127,"중고",72.027509,222.027509,FALSE,"유지"
"39","C219190","여",27,18.1,1,497,962.399999,357,788.7,20,38.399999,353.542086,874,1789.499998,2143.042084,"중고",151.389394,301.389394,FALSE,"유지"
"40","C219250","남",40,38.366667,2,683,1147.8,89,805.8,8,16.8,535.771166,780,1970.4,2506.171166,"고",221.690071,371.690071,FALSE,"유지"
"41","C219260","남",42,48.733333,2,503,1381.199999,177,360.599999,2,54.6,216.902072,682,1796.399998,2013.30207,"중고",117.818357,267.818357,FALSE,"유지"
"42","C219280","여",28,21.3,0,484,1327.8,37,235.2,9,52.8,249.967963,530,1615.8,1865.767963,"중고",112.864782,262.864782,FALSE,"유지"
"43","C219290","남",27,41.7,11,869,1682.399999,289,446.399999,5,10.8,600.460551,1163,2139.599998,2740.060549,"고",264.059253,414.059253,FALSE,"유지"
"44","C219330","여",43,24.7,1,625,1210.799999,241,468,18,46.799999,467.121723,884,1725.599998,2192.721721,"중고",184.856378,334.856378,FALSE,"유지"
"45","C219340","남",43,13.166667,2,426,1173.6,110,321.300001,72,113,243.580385,608,1607.900001,1851.480386,"중고",108.355347,258.355347,FALSE,"유지"
"46","C219440","남",44,27.233333,2,980,1621.8,34,270.600001,21,98.399999,507.334117,1035,1990.8,2498.134117,"고",223.951392,373.951392,FALSE,"유지"
"47","C219450","남",30,32.633333,1,485,1341.599999,34,407.400001,5,9.500002,338.651793,524,1758.500002,2097.151795,"중고",150.825161,300.825161,FALSE,"유지"
"48","C219490","남",52,22.066667,0,422,1174.8,243,533.700001,3,31.8,271.594511,668,1740.300001,2011.894512,"중고",126.729992,276.729992,FALSE,"유지"
"49","C219540","남",56,48.6,1,580,977.4,82,468.9,7,24,329.467994,669,1470.3,1799.767994,"중고",121.339661,271.339661,FALSE,"유지"
"50","C219630","남",51,28.066667,9,656,1224,33,114.6,2,5.5,243.590937,691,1344.1,1587.690937,"중고",86.843489,236.843489,FALSE,"유지"
"51","C219710","여",50,53.866667,1,452,1271.4,8,26.7,56,89.4,213.028272,516,1387.5,1600.528272,"중고",81.874022,231.874022,FALSE,"유지"
"52","C219760","여",33,27.9,2,500,974.4,244,506.7,14,23.500001,449.119899,758,1504.600001,1953.7199,"중고",159.829131,309.829131,FALSE,"유지"
"53","C219780","남",27,49.566667,1,510,1437.6,2,4.8,0,0,305.268069,512,1442.4,1747.668069,"중고",115.780088,265.780088,FALSE,"유지"
"54","C219840","여",44,34.666667,6,719,1403.4,212,398.1,4,11,184.820755,935,1812.5,1997.320755,"중고",109.783847,259.783847,FALSE,"유지"
"55","C219870","남",34,45.133333,1,384,1086.600001,30,165,31,55.2,398.749678,445,1306.800001,1705.549679,"중고",129.405096,279.405096,FALSE,"유지"
"56","C219890","여",41,19.633333,0,393,1113,101,450.599999,24,63.599999,464.60835,518,1627.199998,2091.808348,"중고",175.352682,325.352682,FALSE,"유지"
"57","C219940","여",26,15.866667,0,529,1034.4,33,171.6,43,66.500001,237.752403,605,1272.500001,1510.252404,"중고",77.89744,227.89744,FALSE,"유지"
"58","C219950","여",31,11.266667,0,466,1321.2,99,207.6,20,38.4,233.373954,585,1567.2,1800.573954,"중고",103.850257,253.850257,FALSE,"유지"
"59","C219990","여",52,45.766667,0,986,1929,44,94.2,5,27.600001,621.473702,1035,2050.800001,2672.273703,"고",268.995598,418.995598,FALSE,"유지"
"60","C220010","남",29,49.833333,2,519,1474.199999,94,292.500002,12,34.800001,220.982753,625,1801.500002,2022.482755,"중고",120.980742,270.980742,FALSE,"유지"
"61","C220030","여",43,28.366667,10,443,1259.4,345,569.4,5,14.4,401.222119,793,1843.2,2244.422119,"중고",174.500542,324.500542,FALSE,"유지"
"62","C220050","남",36,45.833333,1,393,1117.2,193,293.1,32,54.6,406.139914,618,1464.9,1871.039914,"중고",145.188219,295.188219,FALSE,"유지"
"63","C220060","여",29,40.866667,2,429,1221,97,529.8,9,139.8,185.682342,535,1890.6,2076.282342,"중고",112.535099,262.535099,FALSE,"유지"
"64","C220090","남",50,14.333333,0,950,1502.4,74,386.4,20,42,517.342606,1044,1930.8,2448.142606,"중고",220.175398,370.175398,FALSE,"유지"
"65","C220110","여",28,27.666667,10,380,1083.6,334,514.200001,10,74.5,533.954978,724,1672.300001,2206.254979,"중고",199.103302,349.103302,FALSE,"유지"
"66","C220120","여",31,12.766667,11,755,1477.8,110,356.4,1,4.5,568.754067,866,1838.7,2407.454067,"중고",228.228019,378.228019,FALSE,"유지"
"67","C220150","남",44,30.766667,0,298,853.2,32,562.8,18,42,373.039153,348,1458,1831.039153,"중고",132.360635,282.360635,FALSE,"유지"
"68","C220170","여",28,46.2,0,463,1323.600001,83,163.5,3,12.6,376.880773,549,1499.700001,1876.580774,"중고",141.274641,291.274641,FALSE,"유지"
"69","C220280","남",48,11.5,1,393,771.599999,9,483.9,43,79.5,183.160457,445,1334.999999,1518.160456,"중고",65.599485,215.599485,FALSE,"유지"
"70","C220360","남",38,22.466667,6,663,1123.199999,49,266.4,2,30.6,256.16651,714,1420.199999,1676.366509,"중고",96.567481,246.567481,FALSE,"유지"
"71","C220370","여",29,12.166667,2,479,1177.2,94,610.2,16,46.2,214.505516,589,1833.6,2048.105516,"중고",116.370712,266.370712,FALSE,"유지"
"72","C220460","여",33,32,1,633,1176.6,12,108.9,0,0,324.830591,645,1285.5,1610.330591,"중고",105.637024,255.637024,FALSE,"유지"
"73","C220470","여",37,56.766667,0,569,857.4,159,374.4,37,109.8,366.199805,765,1341.6,1707.799805,"중고",121.464682,271.464682,FALSE,"유지"
"74","C220500","남",39,44.1,1,842,1428,6,575.1,1,3.6,360.682746,849,2006.7,2367.382746,"고",177.242859,327.242859,FALSE,"유지"
"75","C220560","남",51,51,0,698,1106.4,374,751.2,2,48.5,584.553815,1074,1906.1,2490.653815,"중고",231.164011,381.164011,FALSE,"유지"
"76","C220680","여",37,16.166667,2,669,1059.6,43,358.500001,1,9,277.748145,713,1427.100001,1704.848146,"중고",103.110358,253.110358,FALSE,"유지"
"77","C220740","여",43,46.366667,0,635,1257.6,260,492.6,12,45.6,382.114967,907,1795.8,2177.914967,"중고",165.286448,315.286448,FALSE,"유지"
"78","C220860","남",34,41.666667,7,1113,2206.8,215,384.299999,3,100.5,713.819024,1331,2691.599999,3405.419023,"고",349.872662,499.872662,FALSE,"유지"
"79","C220870","남",31,17.066667,4,630,1039.2,73,196.500001,24,39,217.867396,727,1274.700001,1492.567397,"중고",72.14018,222.14018,FALSE,"유지"
"80","C220990","여",26,18.7,1,591,923.399999,290,459.3,3,57.6,249.72551,884,1440.299999,1690.025509,"중고",94.635667,244.635667,FALSE,"유지"
"81","C221030","여",30,51.7,2,1005,1999.8,19,43.5,10,23.4,414.197374,1034,2066.7,2480.897374,"고",209.526439,359.526439,FALSE,"유지"
"82","C221210","남",34,34.033333,0,469,938.4,234,458.1,3,6,333.964762,706,1402.5,1736.464762,"중고",117.088974,267.088974,FALSE,"유지"
"83","C229240","여",58,19.166667,2,267,990,38,176.4,9,76.800001,202.479936,314,1243.200001,1445.679937,"중",64.624058,214.624058,FALSE,"유지"
"84","C229340","남",33,51.633333,1,292,995.400001,15,40.8,23,47,183.980694,330,1083.200001,1267.180695,"중",55.194208,205.194208,FALSE,"유지"
"85","C229390","남",40,26.666667,1,160,820.2,11,192.6,8,18.6,245.203815,179,1031.4,1276.603815,"중",73.561144,223.561145,FALSE,"유지"
"86","C229420","여",32,45.233333,1,276,940.200001,44,70.200001,22,80.4,230.246451,342,1090.800002,1321.046453,"중",69.073935,219.073935,FALSE,"유지"
"87","C235360","여",45,40.4,0,147,829.2,137,209.100001,18,83.4,268.512467,302,1121.700001,1390.212468,"중",80.55374,230.55374,FALSE,"유지"
"88","C235380","여",42,34.966667,2,179,637.8,35,401.1,24,63.6,360.738616,238,1102.5,1463.238616,"중",108.221585,258.221585,FALSE,"유지"
"89","C235520","여",29,32.966667,2,90,1045.200001,15,41.400001,7,24,332.473313,112,1110.600002,1443.073315,"중",99.741994,249.741994,FALSE,"유지"
"90","C235820","남",61,30.5,3,250,794.399999,39,205.199999,11,38.399999,289.86354,300,1037.999997,1327.863537,"중",86.959062,236.959062,FALSE,"유지"
"91","C235870","여",30,17.966667,0,78,926.4,11,40.199999,18,38.4,204.645875,107,1004.999999,1209.645874,"중",61.393762,211.393762,FALSE,"유지"
"92","C235890","여",37,18.933333,0,238,847.8,84,353.4,20,53.4,375.214887,342,1254.6,1629.814887,"중",117.139272,267.139272,FALSE,"유지"
"93","C235930","남",32,48.2,2,182,837,26,254.7,0,0,317.272872,208,1091.7,1408.972872,"중",95.181862,245.181862,FALSE,"유지"
"94","C236000","남",51,42.533333,1,182,551.4,9,473.7,4,11.4,273.347892,195,1036.5,1309.847892,"중",82.004368,232.004368,FALSE,"유지"
"95","C236030","남",33,12.5,5,71,863.400001,89,311.400001,19,85.799999,367.602224,179,1260.600001,1628.202225,"중",115.38595,265.38595,FALSE,"유지"
"96","C236060","여",28,54.6,4,71,861.6,38,174.9,11,26.4,217.474263,120,1062.9,1280.374263,"중",65.242279,215.242279,FALSE,"유지"
"97","C236080","여",76,25.433333,2,46,560.4,328,507.6,1,16.2,214.964447,375,1084.2,1299.164447,"중",64.489334,214.489334,FALSE,"유지"
"98","C236140","여",43,18.333333,1,61,744.600001,46,361.2,21,47.399999,245.973193,128,1153.2,1399.173193,"중",73.791958,223.791958,FALSE,"유지"
"99","C236150","남",69,25.066667,2,69,845.4,239,390.6,1,2.5,298.293407,309,1238.5,1536.793407,"중",92.727027,242.727027,FALSE,"유지"
"100","C236410","여",36,40.733333,1,350,1019.399999,11,94.799999,4,20.399999,253.763694,365,1134.599997,1388.363691,"중",76.129108,226.129108,FALSE,"유지"
"101","C236440","여",52,20.133333,2,180,835.200001,92,279.3,35,100.799999,263.649297,307,1215.3,1478.949297,"중",80.385526,230.385526,FALSE,"유지"
"102","C236510","여",41,52.333333,2,74,927.6,1,49.2,17,51,247.11145,92,1027.8,1274.91145,"중",74.133435,224.133435,FALSE,"유지"
"103","C236860","여",52,14.933333,1,78,1008,13,44.399999,6,66,246.72732,97,1118.399999,1365.127319,"중",74.018196,224.018196,FALSE,"유지"
"104","C237310","여",48,31.033333,1,220,1036.800001,5,18.3,5,17,195.12763,230,1072.100001,1267.227631,"중",58.538289,208.538289,FALSE,"유지"
"105","C237390","여",25,55.9,14,174,390,92,154.2,25,112.8,136.019874,291,657,793.019874,"중",47.039524,152.039524,TRUE,"이탈"
"106","C237450","남",39,50.966667,2,202,1050.599999,51,179.1,3,15,379.537584,256,1244.699999,1624.237583,"중",117.982747,267.982747,FALSE,"유지"
"107","C237670","여",38,14.933333,0,45,618.6,266,513.9,10,17,219.610516,321,1149.5,1369.110516,"중",65.883155,215.883155,FALSE,"유지"
"108","C237810","남",30,35,0,62,846.6,167,260.099999,0,0,362.88823,229,1106.699999,1469.588229,"중",108.866469,258.866469,FALSE,"유지"
"109","C237920","남",68,32.5,10,58,891,21,172.2,9,37.8,207.938702,88,1101,1308.938702,"중",62.381611,212.381611,FALSE,"유지"
"110","C238060","남",52,30.3,2,72,1001.400002,58,119.1,2,8.4,234.514014,132,1128.900002,1363.414016,"중",70.354204,220.354204,FALSE,"유지"
"111","C238150","여",38,16.366667,1,159,813,55,382.2,3,10.2,369.071577,217,1205.4,1574.471577,"중",111.173579,261.173579,FALSE,"유지"
"112","C238320","남",26,37.2,10,58,828,92,297,26,99.6,227.224648,176,1224.6,1451.824648,"중",70.229046,220.229046,FALSE,"유지"
"113","C238370","여",56,17.433333,1,176,846,93,192.3,1,6.6,311.247671,270,1044.9,1356.147671,"중",93.374301,243.374301,FALSE,"유지"
"114","C238520","여",33,42.433333,1,64,920.4,63,110.4,0,0,339.751031,127,1030.8,1370.551031,"중",101.925309,251.925309,FALSE,"유지"
"115","C238570","남",40,47.433333,2,41,596.4,165,444,36,67.2,245.717038,242,1107.6,1353.317038,"중",73.715111,223.715111,FALSE,"유지"
"116","C238590","남",27,19.6,1,169,848.4,20,53.099999,41,108,257.667223,230,1009.499999,1267.167222,"중",77.300167,227.300167,FALSE,"유지"
"117","C238730","여",56,50,2,61,911.4,13,40.500001,13,66,234.818132,87,1017.900001,1252.718133,"중",70.44544,220.44544,FALSE,"유지"
"118","C238760","남",31,35.866667,1,52,1020.6,27,70.500001,2,4.2,305.412106,81,1095.300001,1400.712107,"중",91.623632,241.623632,FALSE,"유지"
"119","C238950","남",30,33.533333,1,56,1044,1,79.5,14,50.4,227.026965,71,1173.9,1400.926965,"중",68.108089,218.10809,FALSE,"유지"
"120","C240910","남",53,14.1,2,117,595.2,77,424.499999,5,25.2,187.167429,199,1044.899999,1232.067428,"중",56.150229,206.150229,FALSE,"유지"
"121","C241130","남",44,25.333333,0,28,732,160,283.2,19,29.4,259.472435,207,1044.6,1304.072435,"중",77.84173,227.84173,FALSE,"유지"
"122","C241310","남",43,49.3,8,21,559.8,149,459.299999,20,36,338.959609,190,1055.099999,1394.059608,"중",101.687883,251.687883,FALSE,"유지"
"123","C241370","남",41,55.8,2,189,702,137,341.7,27,114,302.535782,353,1157.7,1460.235782,"중",90.760735,240.760735,FALSE,"유지"
"124","C241420","여",26,10.733333,2,35,972,4,41.7,14,29,240.990764,53,1042.7,1283.690764,"중",72.297229,222.297229,FALSE,"유지"
"125","C241480","남",35,16.266667,0,138,720,218,369.6,21,94,236.066684,377,1183.6,1419.666684,"중",70.820005,220.820005,FALSE,"유지"
"126","C241580","여",45,44.533333,0,28,840,46,234,35,151.2,282.072322,109,1225.2,1507.272322,"중",86.745556,236.745556,FALSE,"유지"
"127","C241640","여",50,39.2,2,278,990.6,54,90,39,135,295.78957,371,1215.6,1511.38957,"중",90.152498,240.152498,FALSE,"유지"
"128","C241650","여",30,43.433333,0,154,712.8,65,312.9,11,68,193.000818,230,1093.7,1286.700818,"중",57.900245,207.900245,FALSE,"유지"
"129","C241980","여",36,10.966667,2,160,853.799999,15,103.200001,7,79.200001,328.943141,182,1036.200001,1365.143142,"중",98.682942,248.682942,FALSE,"유지"
"130","C242010","여",39,58.033333,1,23,855,95,294.3,34,57,203.808098,152,1206.3,1410.108098,"중",61.680695,211.680695,FALSE,"유지"
"131","C242070","여",42,32.933333,2,19,731.4,64,393.300001,17,29.4,307.034602,100,1154.100001,1461.134603,"중",92.110381,242.110381,FALSE,"유지"
"132","C242090","남",47,15.866667,0,22,844.799999,32,233.1,11,44,257.182744,65,1121.899999,1379.082743,"중",77.154823,227.154823,FALSE,"유지"
"133","C242310","남",40,37.333333,1,151,538.800001,2,422.7,8,49,276.443807,161,1010.500001,1286.943808,"중",82.933142,232.933142,FALSE,"유지"
"134","C242430","남",28,52.9,1,158,860.4,50,328.800001,10,39,305.312296,218,1228.200001,1533.512297,"중",93.991447,243.991447,FALSE,"유지"
"135","C242540","남",40,42.4,0,206,1129.2,2,44.4,2,8.4,343.693725,210,1182,1525.693725,"중",103.108117,253.108117,FALSE,"유지"
"136","C242660","여",69,24.4,1,187,1029,75,127.799999,21,56,355.898879,283,1212.799999,1568.698878,"중",107.952672,257.952672,FALSE,"유지"
"137","C242840","남",27,41.933333,2,134,742.200001,38,432,1,7.8,212.546596,173,1182.000001,1394.546597,"중",63.763979,213.763979,FALSE,"유지"
"138","C242890","여",49,19.866667,9,148,822.6,150,280.199999,21,67,255.086159,319,1169.799999,1424.886158,"중",76.525848,226.525848,FALSE,"유지"
"139","C243010","남",33,28.066667,0,120,671.4,141,285,1,103,284.902885,262,1059.4,1344.302885,"중",85.470866,235.470866,FALSE,"유지"
"140","C244960","여",26,47.633333,5,22,1108.800001,2,75,10,17.5,314.486386,34,1201.300001,1515.786387,"중",94.470911,244.470911,FALSE,"유지"
"141","C245130","남",36,50.4,1,5,777.599999,229,346.500001,35,70.799999,218.813843,269,1194.899999,1413.713842,"중",65.644153,215.644153,FALSE,"유지"
"142","C245150","여",26,47.033333,0,16,822,130,205.500001,18,30,231.492448,164,1057.500001,1288.992449,"중",69.447734,219.447734,FALSE,"유지"
"143","C245170","여",27,18.833333,0,18,899.4,73,182.7,0,0,274.303635,91,1082.1,1356.403635,"중",82.29109,232.291091,FALSE,"유지"
"144","C245540","여",29,57.033333,2,11,854.4,13,120.3,23,124.8,303.361235,47,1099.5,1402.861235,"중",91.00837,241.008371,FALSE,"유지"
"145","C246330","남",41,20.8,9,82,276,182,419.1,5,13,185.971389,269,708.1,894.071389,"중",88.220501,148.160501,FALSE,"유지"
"146","C246350","여",46,10.233333,2,45,183,318,507.9,12,33,196.675346,375,723.9,920.575346,"중",91.129457,151.069457,FALSE,"유지"
"147","C246370","여",30,20.233333,1,24,107.399999,215,516,35,69.600001,204.709406,274,693,897.709406,"중",89.41636,149.35636,FALSE,"유지"
"148","C246410","남",40,32.066667,2,4,144.6,14,593.7,1,6,221.602054,19,744.3,965.902054,"중",101.462641,161.402641,FALSE,"유지"
"149","C246420","여",28,32.133333,2,21,115.199999,255,590.399999,17,34,191.212604,293,739.599998,930.812602,"중",87.813857,147.753857,FALSE,"유지"
"150","C246500","여",32,38.133333,1,34,274.2,140,277.5,8,22.2,185.346915,182,573.9,759.246915,"중",74.138766,134.078766,FALSE,"유지"
"151","C246570","여",50,38.4,0,1,10.2,292,632.4,16,100.8,236.577345,309,743.4,979.977345,"중",102.194449,162.134449,FALSE,"유지"
"152","C246650","남",58,54.866667,0,24,330,213,367.2,12,21.6,217.412484,249,718.8,936.212484,"중",103.813174,163.753174,FALSE,"유지"
"153","C246670","남",49,36,2,35,195,11,504.299999,11,28.200001,226.740576,57,727.5,954.240576,"중",103.906282,163.846282,FALSE,"유지"
"154","C246680","여",29,26.733333,5,102,334.199998,27,190.5,1,149.4,191.984456,130,674.099998,866.084454,"중",87.846125,147.786125,FALSE,"유지"
"155","C246730","남",33,15.866667,0,3,57.6,352,629.700001,0,0,184.893735,355,687.300001,872.193736,"중",79.78575,139.72575,FALSE,"유지"
"156","C246750","남",49,23.1,0,15,103.200001,248,488.4,45,69.5,190.958373,308,661.100001,852.058374,"중",81.345934,141.285934,FALSE,"유지"
"157","C246760","남",40,10.733333,4,31,270,43,301.5,24,69,181.931163,98,640.5,822.431163,"중",78.211985,138.151985,FALSE,"유지"
"158","C246800","남",39,40.6,0,13,52.800001,312,615.899999,48,75,205.155389,373,743.7,948.855389,"중",91.287591,151.227591,FALSE,"유지"
"159","C246820","남",36,35.333333,0,56,187.8,63,394.2,5,39.6,192.751583,124,621.6,814.351583,"중",79.485807,139.425807,FALSE,"유지"
"160","C246850","여",32,37.033333,1,4,38.4,366,591,13,43,189.258633,383,672.4,861.658633,"중",80.15039,140.09039,FALSE,"유지"
"161","C246890","남",52,11.133333,2,52,193.2,314,492.9,16,39,181.12559,382,725.1,906.22559,"중",85.371715,145.311715,FALSE,"유지"
"162","C246970","여",42,11.133333,1,7,37.799999,131,519.900001,23,65.4,196.65598,161,623.1,819.75598,"중",80.097662,140.037662,FALSE,"유지"
"163","C247010","남",47,25.366667,9,24,114,78,479.1,6,61.5,210.355212,108,654.6,864.955212,"중",88.773826,148.713826,FALSE,"유지"
"164","C247030","남",29,49.433333,2,18,52.2,354,609,26,82.2,199.951818,398,743.4,943.351818,"중",89.164577,149.104577,FALSE,"유지"
"165","C247050","남",28,32.933333,0,19,255.600001,153,236.399999,3,71.5,184.37184,175,563.5,747.87184,"중",73.748736,133.688736,FALSE,"유지"
"166","C247140","여",36,38.466667,2,5,108.6,309,498.9,45,111.599999,229.162841,359,719.099999,948.26284,"중",101.217483,161.157483,FALSE,"유지"
"167","C247150","여",46,30.233333,4,3,248.4,211,390.300001,0,0,182.127797,214,638.700001,820.827798,"중",77.796321,137.736321,FALSE,"유지"
"168","C247410","여",52,16.3,12,487,791.400001,43,65.099999,0,0,42.555664,530,856.5,899.055664,"중",49.29212,154.29212,TRUE,"이탈"
"169","C255610","남",14,33.733333,2,343,729,63,154.5,5,34.5,246.053563,411,918,1164.053563,"중",114.96901,219.96901,FALSE,"유지"
"170","C255630","여",17,51.3,0,213,367.2,112,338.400001,12,23,219.474099,337,728.600001,948.0741,"중",78.753416,183.753416,FALSE,"유지"
"171","C255660","남",17,57.5,11,211,439.2,242,372,26,66.6,232.865702,479,877.8,1110.665702,"중",97.649205,202.649205,FALSE,"유지"
"172","C255690","남",21,48.866667,1,246,507.6,110,390,1,58.5,283.688916,357,956.1,1239.788916,"중",121.817266,226.817266,FALSE,"유지"
"173","C255740","여",19,13.2,2,324,672,98,275.7,5,25.8,198.152967,427,973.5,1171.652967,"중",103.903325,208.903325,FALSE,"유지"
"174","C255750","남",24,50.433333,1,347,600.6,34,265.2,8,24.6,199.683963,389,890.4,1090.083963,"중",94.013491,199.013491,FALSE,"유지"
"175","C255760","여",12,41.9,3,199,413.4,12,207.899999,12,20.4,197.92431,223,641.699999,839.624309,"중",64.148716,169.148716,FALSE,"유지"
"176","C255780","남",19,30.3,0,319,665.400001,125,202.499999,5,14.400001,232.04218,449,882.300001,1114.342181,"중",105.017739,210.017739,FALSE,"유지"
"177","C255800","남",19,13.7,0,232,484.799999,48,360.6,8,16.500001,187.624615,288,861.9,1049.524615,"중",84.11369,189.11369,FALSE,"유지"
"178","C255810","남",13,15.766667,5,397,690,103,176.7,1,15.6,265.327893,501,882.3,1147.627893,"중",115.790553,220.790553,FALSE,"유지"
"179","C255850","여",18,14.966667,1,259,541.8,169,332.1,56,99.599999,221.261722,484,973.499999,1194.761721,"중",105.840604,210.840604,FALSE,"유지"
"180","C255860","여",23,26.433333,1,392,592.199999,10,69.599999,0,0,185.975026,402,661.799998,847.775024,"중",64.412571,169.412571,FALSE,"유지"
"181","C255880","여",18,9.733333,2,268,564,115,189.9,36,83.500001,229.805923,419,837.400001,1067.205924,"중",96.800982,201.800982,FALSE,"유지"
"182","C255920","남",21,30.4,1,370,645.6,12,147.6,19,46.2,262.655829,401,839.4,1102.055829,"중",109.179501,214.179501,FALSE,"유지"
"183","C255940","남",22,35.866667,11,199,423,172,311.100001,1,46.5,249.083988,372,780.600001,1029.683989,"중",93.541745,198.541745,FALSE,"유지"
"184","C255990","남",13,44.5,1,463,699,89,177.300001,0,0,272.838819,552,876.300001,1149.13882,"중",117.706324,222.706324,FALSE,"유지"
"185","C256020","여",15,52.933333,1,296,518.4,101,165.299999,13,57.6,243.352364,410,741.299999,984.652363,"중",89.951988,194.951988,FALSE,"유지"
"186","C256050","여",13,16.333333,0,289,618,159,337.799999,2,8.4,290.316686,450,964.199999,1254.516685,"중",128.648254,233.648254,FALSE,"유지"
"187","C256070","남",12,37.3,0,438,676.799999,4,88.799999,5,10.200001,209.658487,447,775.799999,985.458486,"중",87.024158,192.024158,FALSE,"유지"
"188","C256080","남",23,45.966667,6,252,541.800001,223,356.4,9,22.199999,240.755372,484,920.4,1161.155372,"중",107.107185,212.107185,FALSE,"유지"
"189","C256090","여",15,47.833333,4,250,441.6,59,116.4,76,118,215.16924,385,676,891.16924,"중",73.315506,178.315506,FALSE,"유지"
"190","C256130","남",24,33.8,9,272,481.800001,161,298.199999,49,108,181.733812,482,888,1069.733812,"중",84.54609,189.54609,FALSE,"유지"
"191","C256140","남",22,53.033333,1,390,691.2,34,128.400001,20,37.8,201.307012,444,857.400001,1058.707013,"중",94.012615,199.012615,FALSE,"유지"
"192","C256160","남",19,16.8,0,162,355.2,113,182.4,19,41,185.134165,294,578.6,763.734165,"중",55.54025,160.54025,FALSE,"유지"
"193","C256180","여",22,17.133333,0,319,699.6,64,208.200001,7,48,196.600514,390,955.800001,1152.400515,"중",102.813017,207.813017,FALSE,"유지"
"194","C256260","여",20,38.766667,1,372,663,11,24.3,5,119.400001,196.122318,388,806.700001,1002.822319,"중",86.159684,191.159684,FALSE,"유지"
"195","C256320","여",25,22.333333,9,319,572.4,192,326.099999,4,84.6,275.848876,515,983.099999,1258.948875,"중",124.215272,229.215272,FALSE,"유지"
"196","C256410","여",19,16.866667,2,292,454.200001,65,177,23,46,216.546723,380,677.200001,893.746724,"중",74.001843,179.001843,FALSE,"유지"
"197","C257420","남",16,17.666667,15,308,552,135,276.599999,24,37,219.412046,467,865.599999,1085.012045,"중",96.041137,201.041137,TRUE,"이탈"
"198","C265000","여",44,29.166667,8,62,135,28,356.699999,1,8.4,162.106921,91,500.099999,662.20692,"중저",64.842768,124.782768,FALSE,"이탈"
"199","C265080","여",20,50.4,1,44,69,78,301.8,13,115.8,153.329858,135,486.6,639.929858,"중저",61.331943,121.271943,FALSE,"이탈"
"200","C265320","여",33,28.933333,2,91,179.399999,86,276.600001,0,0,116.631899,177,456,572.631899,"중저",46.65276,106.59276,FALSE,"이탈"
